Sr.No,Name_of_Covered_Entity,Individuals_Affected,Date_of_Breach,Type_of_Breach,year
1,Brooke Army Medical Center,1000,10/16/2009,Hacked,2009
2,"Mid America Kidney Stone Association, LLC",1000,9/22/2009,Hacked,2009
3,Alaska Department of Health and Social Services,501,10-12-2009,Hacked,2009
4,"Health Services for Children with Special Needs, Inc.",3800,10-09-2009,Loss,2009
5,"L. Douglas Carlson, M.D.",5257,9/27/2009,Hacked,2009
6,"David I. Cohen, MD",857,9/27/2009,Hacked,2009
7,"Michele Del Vicario, MD",6145,9/27/2009,Malware,2009
8,"Joseph F. Lopez, MD",952,9/27/2009,Hacked,2009
9,"Mark D. Lurie, MD",5166,9/27/2009,Malware,2009
10,City of Hope National Medical Center,5900,9/27/2009,Malware,2009
11,The Children's Hospital of Philadelphia,943,10/20/2009,Malware,2009
12,"Cogent Healthcare of Wisconsin, S.C.",6400,10-11-2009,Hacked,2009
13,Universal American,83000,11-12-2009,Other,2009
14,Kern Medical Center,596,10/31/2009,Hacked,2009
15,"Keith W. Mann, DDS, PLLC",2000,12-08-2009,Phishing/IT Incident,2009
16,Detroit Department of Health and Wellness Promotion,10000,10/22/2009,Hacked,2009
17,Detroit Department of Health and Wellness Promotion,646,11/26/2009,Hacked,2009
18,"University of California, San Francisco",610,9/22/2009,Other,2009
19,Daniel J. Sigman MD PC,1860,12-11-2009,Hacked,2009
20,Massachusetts Eye and Ear Infirmary,1076,11-10-2009,Hacked,2009
21,BlueCross BlueShield Association,3400,10/26/2009,Hacked,2009
22,BlueCross BlueShield Association,15000,10-07-2009,Hacked,2009
23,Kaiser Permanente Medical Care Program,15500,12-01-2009,Hacked,2009
24,Blue Island Radiology Consultants,2562,12-09-2009,Hacked,2009
25,"Goodwill Industries of Greater Grand Rapids, Inc.",10000,12/15/2009,Hacked,2009
26,Children's Medical Center of Dallas,3800,11/19/2009,Loss,2009
27,Concentra,900,11/19/2009,Hacked,2009
28,Ashley and Gray DDS,9309,01-10-2010,Hacked,2010
29,Advocate Health Care,812,11/24/2009,Hacked,2009
30,The Methodist Hospital,689,1/18/2010,Hacked,2010
31,"University of California, San Francisco",7300,11/30/2009,Hacked,2009
32,Carle Clinic Association,1300,1/13/2010,Hacked,2010
33,Educators Mutual Insurance Association of Utah ,5700,12/27/2009,Hacked,2009
34,University Medical Center of Southern Nevada,5103,10/31/2009,Hacked,2009
35,Center for Neurosciences,1100,12/15/2009,Hacked,2009
36,Brown University,528,12-11-2009,Other,2009
37,MMM Heath Care Inc. ,1907,02-04-2010,Hacked,2010
38,PMC Medicare Choice,605,02-04-2010,Hacked,2010
39,Cardiology Consultants/Baptist Health Care Corporation,8000,12/19/2009,Hacked,2009
40,"State of TN, Bureau of TennCare",3900,12/23/2009,Hacked,2009
41,Lucille Packard Children's Hospital,532,01-11-2010,Other,2010
42,University of New Mexico Health Sciences Center,1900,02-08-2010,Other,2010
43,Advanced NeuroSpinal Care,3500,12/30/2009,Hacked,2009
44,Aspen Dental Care P.C.,2500,10-04-2009,Hacked,2009
45,Shands at UF,12580,1/27/2010,Hacked,2010
46,Wyoming Department of Health,9023,12-02-2009,Unauthorized Access/Disclosure ,2009
47,Thrivent Financial for Lutherans,9500,1/29/2010,Hacked,2010
48,North Carolina Baptist Hospital,554,2/15/2010,Hacked,2010
49,Montefiore Medical Center,625,2/20/2010,Hacked,2010
50,"Ernest T. Bice, Jr. DDS, P.A.",21000,2/20/2010,Hacked,2010
51,Lee Memorial Health System,3800,1/29/2010,Other,2010
52,"Laboratory Corporation of America/Dynacare Northwest, Inc.",5080,02-12-2010,Hacked,2010
53,Mount Sinai Medical Center,2600,03-09-2010,Hacked,2010
54,Griffin Hospital,957,02-04-2010,Phishing/IT Incident,2010
55,"Hypertension, Nephrology, Dialysis and Transplantation, PC",2465,03-06-2010,Hacked,2010
56,Reliant Rehabilitation Hospital North Houston,768,02-09-2010,Unauthorized Access/Disclosure ,2010
57,"Laboratory Corporation of America / US LABS / Dianon Systems, Inc",2773,2/18/2010,Hacked,2010
58,University of Pittsburgh Student Health Center,8000,03-11-2010,"Hacked, Loss",2010
59,Providence Hospital,83945,02-04-2010,Other,2010
60,VHS Genesis Lab Inc. ,6800,01-10-2010,Loss,2010
61,John Muir Physician Network,5450,02-04-2010,Hacked,2010
62,Beatrice Community Hospital and Health Center,660,3/19/2010,Other,2010
63,Pediatric Sports and Spine Associates,955,02-10-2010,Hacked,2010
64,"Affinity Health Plan, Inc.",344579,11/24/2009,Hacked,2009
65,Tomah Memorial Hospital,600,3/19/2010,Other,2010
66,"Praxair Healthcare Services, Inc. (Home Care Supply in NY)",54165,2/18/2010,Hacked,2010
67,Massachusetts Eye and Ear Infirmary,3594,2/19/2010,Hacked,2010
68,Blue Cross & Blue Shield of Rhode Island,12000,12/20/2009,Hacked,2009
69,South Carolina Department of Health and Environmental Control,2850,2/17/2010,Improper Disposal,2010
70,St. Joseph Heritage Healthcare,22012,03-06-2010,Hacked,2010
71,Medical Center At Bowling Green,5148,3/24/2010,Hacked,2010
72,GENERAL AGENCIES WELFARE BENEFITS PROGRAM,1874,02-05-2010,Loss,2010
73,UnitedHealth Group health plan single affiliated covered entity,735,03-02-2010,Hacked,2010
74,South Texas Veterans Health Care System,1430,9/30/2009,"Loss, Improper Disposal",2009
75,Rockbridge Area Community Services,500,03-12-2010,Hacked,2010
76,"Emergency Healthcare Physicians, Ltd.",180111,2/27/2010,Hacked,2010
77,VA Eastern Colorado Health Care System,649,1/19/2010,Hacked,2010
78,Miami VA Healthcare System,568,1/19/2010,Loss,2010
79,"Heriberto Rodriguez-Ayala, M.D.",4200,04-03-2010,Hacked,2010
80,Georgetown University Hospital,2416,3/26/2010,"Hacked, Other",2010
81,Silicon Valley Eyecare Optometry and Contact Lenses,40000,04-02-2010,Hacked,2010
82,Loma Linda University Health Care,584,04-04-2010,Hacked,2010
83,Veterans Health Administration,656,4/22/2010,Hacked,2010
84,"State of New Mexico Human Services Department, Medical Assistance Division",9600,3/20/2010,Hacked,2010
85,Oconee Physician Practices,653,05-09-2010,Hacked,2010
86,University of Rochester Medical Center and Affiliates,2628,4/19/2010,Other,2010
87,Omaha Construction Industry Health and Welfare Plan,800,01-11-2009,Hacked,2009
88,"City of Charlotte, NC (Health Plan)",5220,02-03-2010,Loss,2010
89,VA North Texas Health Care System,4083,05-04-2010,Improper Disposal,2010
90,Rainbow Hospice and Palliative Care,1000,04-12-2010,Hacked,2010
91,Cincinnati Childrens Hospital Medical Center ,60998,3/27/2010,Hacked,2010
92,Occupational Health Partners,1105,05-12-2010,Hacked,2010
93,"AvMed, Inc.",1220000,12-10-2009,Hacked,2009
94,UnitedHealth Group health plan single affiliated covered entity,16291,1/26/2010,Other,2010
95,Lincoln Medical and Mental Health Center,130495,3/24/2010,Hacked,2010
96,"Nihal Saran, MD ",2300,05-02-2010,Hacked,2010
97,"University of Louisville Research Foundation, Inc., DBA The Kidney Disease Program",708,10-01-2008,Phishing/IT Incident,2008
98,St. Jude Children's Research Hospital,1745,4/19/2010,Loss,2010
99,TennCare,10515,3/20/2010,Hacked,2010
100,The Children's Medical Center of Dayton,1001,4/22/2010,Other,2010
101,Comprehensive Care Management Corporation,1020,4/30/2010,Hacked,2010
102,alma aguado md pa,600,5/29/2010,Hacked,2010
103,University Hospital,14000,05-07-2010,Loss,2010
104,University Health System,7526,06-11-2010,Hacked,2010
105,"Sinai Hospital of Baltimore, Inc.",937,05-03-2010,Other,2010
106,"Mary M. Desch,MD/PathHealer, LTD",5893,5/15/2010,Hacked,2010
107,Children's Hospital & Research Center at Oakland,1000,5/25/2010,Other,2010
108,Centerstone,1537,05-01-2010,Other,2010
109,California Department of Healthcare Services,29000,4/29/2010,"Loss, Other",2010
110,Long Island Consultation Center,800,5/21/2010,Hacked,2010
111,NYU Hospitals Center,2563,05-08-2010,Hacked,2010
112,University of Florida,2047,5/24/2010,Other,2010
113,SunBridge Healthcare Corporation,3830,05-11-2010,Hacked,2010
114,Department of Health Care Policy & Financing,105470,5/17/2010,Hacked,2010
115,Prince William County Community Services (CS),669,6/18/2010,Hacked,2010
116,"E. Brooks Wilkins Family Medicine, PA",13000,02-01-2010,Hacked,2010
117,John Deere Health Benefit Plan for Wage Employees,1097,6/24/2010,Other,2010
118,South Shore Hospital,800000,2/26/2010,Loss,2010
119,Montefiore Medical Center,16820,5/22/2010,Malware,2010
120,"DC Chartered Health Plan, Inc",540,5/26/2010,Malware,2010
121,Montefiore Medical Center,23753,06-09-2010,Hacked,2010
122,Medina County OB/GYN,1200,6/13/2010,Improper Disposal,2010
123,The University of Texas at Arlington,27000,2/19/2009,Phishing/IT Incident,2009
124,Aetna,6372,3/29/2010,Improper Disposal,2010
125,Charles Mitchell MD,6873,6/27/2010,Hacked,2010
126,Humana Inc [case 4486],2631,6/25/2010,Other,2010
127,"WellPoint, Inc.",31700,11-03-2009,Phishing/IT Incident,2009
128,Carolina Center for Development and Rehabilitation,1590,6/24/2010,Hacked,2010
129,Trinity Health Corporation Welfare Benefit Plan,1073,3/29/2010,Loss,2010
130,Texas Children's Hospital,694,5/13/2010,Hacked,2010
131,Baylor College of Medicine,1646,5/13/2010,Hacked,2010
132,Wright State Physicians,1309,06-11-2010,Other,2010
133,Penn Treaty Network America Insurance Company ,560,06-04-2010,Other,2010
134,Aultman Hospital,13867,06-07-2010,Hacked,2010
135,Fort Worth Allergy and Asthma Associates,25000,6/29/2010,Hacked,2010
136,"Beauty Dental, Inc.",657,06-05-2010,"Hacked, Loss",2010
137,Walsh Pharmacy,11440,06-03-2010,Other,2010
138,Jewish Hospital,2089,7/16/2010,Hacked,2010
139,St. John's Mercy Medical Group,1907,06-07-2010,Improper Disposal,2010
140,"Thomas Jefferson University Hospitals, Inc.",21000,6/14/2010,Hacked,2010
141,UNCG Speech and Hearing Center,2300,01-01-1997,Phishing/IT Incident,1997
142,Idaho Power Group Health Plan,5500,3/29/2010,Loss,2010
143,Loma Linda University School of Dentistry,10100,6/13/2010,Hacked,2010
144,"Ward A. Morris, DDS",2698,7/16/2010,Hacked,2010
145,"Chattanooga Family Practice Associates, P.C.",1711,7/15/2010,Loss,2010
146,Yale University,1000,7/28/2010,Malware,2010
147,University of Kentucky,2027,6/18/2010,Malware,2010
148,Cook County Health & Hospitals System,7081,5/30/2010,Malware,2010
149,"Eastmoreland Surgical Clinic, William Graham, DO",4328,07-05-2010,Hacked,2010
150,SunBridge Healthcare Corporation,1000,6/26/2010,Hacked,2010
151,Holyoke Medical Center,24750,7/26/2010,Improper Disposal,2010
152,Newark Beth Israel Medical Center,956,05-10-2010,Hacked,2010
153,Saint Barnabas Medical Center,3630,05-10-2010,Hacked,2010
154,NYU School of Medicine--Aging and Dementia Clinical Research Center ,1200,04-03-2010,Loss,2010
155,University of Rochester Medical Center and Affiliates,857,08-02-2010,Loss,2010
156,State of Delaware Health Plan,22642,8/16/2010,Other,2010
157,"Curtis R. Bryan, M.D.",2739,07-12-2010,Hacked,2010
158,Mayo Clinic,1740,7/15/2009,Unauthorized Access/Disclosure,2009
159,LabCorp Patient Service Center,507,08-02-2010,Hacked,2010
160,The Kent Center ,1361,7/13/2010,Hacked,2010
161,"Pediatric and Adult Allergy, PC",19222,07-11-2010,Loss,2010
162,Ault Chiropractic Center,2000,9/15/2010,Hacked,2010
163,County of Los Angeles,33000,7/29/2010,Hacked,2010
164,"Matthew H. Conrad, M.D., P.A.",1200,8/20/2010,Hacked,2010
165,UnitedHealth Group health plan single affiliated covered entity,1270,07-08-2010,Other,2010
166,Counseling and Psychotherapy of Throggs Neck,9000,09-06-2010,Hacked,2010
167,United States Air Force,2123,7/29/2010,Improper Disposal,2010
168,"State of Alaska, Department of Health and Social Services",2000,09-07-2010,Hacked,2010
169,"St. Vincent Hospital and Health Care Center, Inc.",1199,7/25/2010,Hacked,2010
170,Milford Regional Medical Center,20000,7/26/2010,Improper Disposal,2010
171,"Alliance HealthCare Services, Inc.",1474,7/31/2010,Hacked,2010
172,"Alliance HealthCare Services, Inc.",1474,08-05-2010,Hacked,2010
173,NewYork-Presbyterian Hospital and Columbia University Medical Center,6800,07-01-2010,Hacked,2010
174,St. James Hospital and Health Centers,967,08-10-2010,Improper Disposal,2010
175,"University of Oklahoma - Tulsa, Neurology Clinic",19200,7/28/2010,Phishing/IT Incident,2010
176,"LORENZO BROWN, MD INC.",928,8/17/2010,Hacked,2010
177,"Milton Pathology Associates, P.C.",11000,7/26/2010,Improper Disposal,2010
178,WESTMED Medical Group,578,8/17/2010,Hacked,2010
179,"Debra C. Duffy, DDS",4700,08-05-2010,Hacked,2010
180,"Cumberland Gastroenterology, P.S.C.",2200,9/18/2010,Hacked,2010
181,Johns Hopkins University Applied Physics Laboratory (JHU/APL) Medical and Dental Insurance Plan,692,6/15/2010,Other,2010
182,LoneStar Audiology Group,585,08-11-2010,Hacked,2010
183,Utah Department of Health,1298,03-01-2010,Other,2010
184,SW Seattle Orthopaedic and Sports Medicine,9493,09-04-2010,Phishing/IT Incident,2010
185,University of Arkansas for Medical Sciences,1000,10-12-2010,Hacked,2010
186,"BlueCross BlueShield of Tennessee, Inc.",1023209,10-02-2009,Hacked,2009
187,Northridge Hospital Medical Center,716,10/16/2010,Loss,2010
188,Puerto Rico Department of Health,475000,10-03-2008,"Unauthorized Access/Disclosure, Phishing/IT Incident",2008
189,"Aetna, Inc.",2345,09-09-2010,Unauthorized Access/Disclosure,2010
190,Sta-home Health & Hospice,1104,9/16/2010,Hacked,2010
191,Puerto Rico Department of Health,115000,09-03-2010,Unauthorized Access/Disclosure,2010
192,VNA of Southeastern Ct.,12000,9/30/2010,Hacked,2010
193,"Prime Home Care, LLC",1550,9/13/2010,Hacked,2010
194,Visiting Nurse Service Association of Schenectady County,535,9/14/2010,Hacked,2010
195,"Manor Care Indy (South), LLC.",845,09-11-2010,Unauthorized Access/Disclosure,2010
196,"Robert Wheatley, DDS, PC",1400,10/17/2010,Hacked,2010
197,Henry Ford Hospital,3700,9/24/2010,Hacked,2010
198,Holy Cross Hospital,1500,7/27/2010,Hacked,2010
199,Newark Beth Israel Medical Center,1744,01-01-2010,Hacked,2010
200,Memorial Hospital of Gardena,771,10/14/2010,Unauthorized Access/Disclosure,2010
201,Oklahoma City VA Medical Center,1950,10-08-2010,"Hacked, Loss, Improper Disposal",2010
202,Albert Einstein Healthcare Network,613,10/21/2010,Hacked,2010
203,Kings County Hospital Center,542,8/22/2010,Hacked,2010
204,University of Tennessee Medical Center,8200,9/23/2009,Improper Disposal,2009
205,Ochsner Health System,9475,9/27/2010,Unauthorized Access/Disclosure,2010
206,zarzamora family dental care,800,10/15/2010,Hacked,2010
207,Hospital Auxilio Mutuo,1000,11-09-2010,"Hacked, Unauthorized Access/Disclosure, Phishing/IT Incident",2010
208,Pinnacle Health System,1085,10-01-2008,Unauthorized Access/Disclosure,2008
209,"Gary C. Spinks, DMD, PC",1000,9/29/2010,Phishing/IT Incident,2010
210,Cook County Health & Hospitals System,556,11-01-2010,Hacked,2010
211,"Dean Health Systems, Inc.; St. Mary's Hospital; St. Marys Dean Ventures, Incorporated",3288,11-08-2010,Hacked,2010
212,Riverside Mercy Hospital and Ohio/Mercy Diagnostics,1000,3/29/2003,Improper Disposal,2003
213,California Therapy Solutions,1250,11-11-2010,Hacked,2010
214,Osceola Medical Center,585,11/25/2010,Unauthorized Access/Disclosure,2010
215,Indiana Family and Social Services Administration,757,11-04-2010,Hacked,2010
216,Mankato Clinic,3159,11-01-2010,Hacked,2010
217,Geisinger Wyoming Valley Medical Center,2928,11-03-2010,Unauthorized Access/Disclosure,2010
218,Our Lady of Peace Hospital,24600,3/31/2010,"Hacked, Loss",2010
219,International Union of Operating Engineers Health and Welfare Fund ,800,10/25/2010,Hacked,2010
220,"Southern Perioperative Services, P.C.",2000,11/17/2010,Hacked,2010
221,Keystone/AmeriHealth Mercy Health Plans,808,9/20/2010,Loss,2010
222,"Ankle + Foot Center of Tampa Bay, Inc.",156000,10/28/2010,Hacked,2010
223,OhioHealth Corporation dba Grant Medical Center,501,01-01-2008,Hacked,2008
224,"Seacoast Radiology, PA",231400,11-12-2010,Phishing/IT Incident,2010
225,Friendship Center Dental Office,2200,12/19/2010,Hacked,2010
226,Centra,11982,11-11-2010,Hacked,2010
227,St.Vincent Hospital - Indianapolis,1848,11-12-2010,Phishing/IT Incident,2010
228,Texas Health Harris Methodist Hospital Azle,9922,04-07-2010,"Hacked, Loss",2010
229,Franciscan Medical Group,1250,11/18/2010,Hacked,2010
230,State of South Carolina Budget and Control Board Employee Insurance Program (EIP),5596,11-08-2010,Phishing/IT Incident,2010
231,Lake Woods Nursing & Rehabilitation Center,656,12/28/2010,Hacked,2010
232,"Benefit Resources, Inc.",16200,10/13/2010,Loss,2010
233,Baptist Memorial Hospital - Huntingdon,4800,11/27/2010,Malware,2010
234,"Grays Harbor Pediatrics, PLLC",12009,11/23/2010,Malware,2010
235,"Hanger Prosthetics & Orthotics, Inc.",4486,11/24/2010,Malware,2010
236,Baylor Heart and Vascular Center,8241,12-02-2010,Hacked,2010
237,"CHC MEMPHIS CMHC, LLC",500,12-04-2010,Hacked,2010
238,Jefferson Center for Mental Health,546,12/13/2010,Hacked,2010
239,Green River District Health Department,18871,01-12-2011,Phishing/IT Incident,2011
240,"Ortho Montana, PSC",37000,01-08-2011,"Hacked, Loss",2011
241,Cancer Care Northwest P.S.,3100,01-07-2011,Hacked,2011
242,Saint Louis University,800,12-11-2010,Phishing/IT Incident,2010
243,New York City Health & Hospitals Corporation's North Bronx Healthcare Network,1700000,12/23/2010,Hacked,2010
244,Long Beach Memorial Medical Center,2250,12-10-2010,Unauthorized Access/Disclosure,2010
245,Walgreen Co.,2700,1/26/2011,Hacked,2011
246,"Charleston Area Medical Center, Inc",3655,02-08-2011,Unauthorized Access/Disclosure,2011
247,Mountain Vista Medical Center,2291,10/13/2010,Loss,2010
248,Departamento de Salud de Puerto Rico,2621,3/14/2010,Unknown,2010
249,Henry Ford Hospital,2777,1/31/2011,Loss,2011
250,"Central Brooklyn Medical Group, PC",500,08-03-2010,Hacked,2010
251,TRICARE Management Activity,4500,6/25/2010,Unauthorized Access/Disclosure,2010
252,Blue Cross and Blue Shield of Florida ,7366,10/16/2010,Unknown,2010
253,"University Health Services, University of Massachusetts, Amherst",942,9/29/2010,Unauthorized Access/Disclosure,2010
254,"Omnicare, Inc",8845,1/19/2011,Hacked,2011
255,"JEFFREY J. SMITH, MD",600,11/24/2010,Loss,2010
256,University of Missouri Health Plan,765,01-10-2011,Unauthorized Access/Disclosure,2011
257,Texas Health Arlington Memorial Hospital,654,12/23/2010,Unknown,2010
258,NYU School of Medicine Faculty Group Practice,670,1/27/2011,Hacked,2011
259,"Rape & Brooks Orthodontics, P.C.",20744,02-03-2011,Hacked,2011
260,Clarksburg - Louis A. Johnson VA Medical Center,1470,10/26/2010,Unauthorized Access/Disclosure,2010
261,County of Los Angeles,667,2/23/2011,Hacked,2011
262,EISENHOWER MEDICAL CENTER,514330,03-11-2011,Hacked,2011
263,Catholic Social Services,1700,02-01-2011,Hacked,2011
264,"Park Avenue Obstetrics & Gynecology, PC",635,3/25/2011,Hacked,2011
265,"Brian J Daniels D.D.S.,Paul R Daniels D.D.S.",10000,03-01-2011,Hacked,2011
266,MidState Medical Center,93500,2/14/2011,Loss,2011
267,"Patient Care Services at Saint Francis, Inc.",84000,1/13/2011,Hacked,2011
268,Union Security Insurance Company,935,2/18/2011,Unauthorized Access/Disclosure,2011
269,Oklaholma State Dept. of Health,132940,04-06-2011,Hacked,2011
270,Aiken Community Based Outpatient Clinic,2717,2/16/2011,Improper Disposal,2011
271,"Health Net, Inc.",1900000,1/21/2011,Unknown,2011
272,SW General Inc,566,05-01-2004,Hacked,2004
273,Fairview Health Services,1215,2/19/2011,Loss,2011
274,Time Insurance Company,675,02-01-2011,Unauthorized Access/Disclosure,2011
275,Community Action partnership of Natrona County,15000,2/23/2011,Phishing/IT Incident,2011
276,"Keith & Fisher, DDS, PA",6000,2/16/2011,Phishing/IT Incident,2011
277,MacNeal Hospital,845,03-10-2011,Phishing/IT Incident,2011
278,West Lake Hospital ,686,03-10-2011,Phishing/IT Incident,2011
279,Phoenix Health Plan,9393,03-10-2011,Phishing/IT Incident,2011
280,MacNeal Physician Group,532,03-10-2011,Phishing/IT Incident,2011
281,Genesis Clinical Laboratory,1070,03-10-2011,Phishing/IT Incident,2011
282,Knox Community Hospital,500,10-01-2010,Improper Disposal,2010
283,Speare Memorial Hospital,5960,04-02-2011,Hacked,2011
284,Methodist Charlton Medical Center,1500,4/16/2011,Hacked,2011
285,Drs Edalji and Komer,563,04-12-2011,Hacked,2011
286,Reid Hospital & Health Care Services,22001,04-02-2011,Hacked,2011
287,Union Security Insurance Company,850,3/24/2011,Unauthorized Access/Disclosure,2011
288,Indiana Regional Medical Center,1388,9/28/2010,Hacked,2010
289,"MMM Healthcare, Inc.",32390,03-08-2011,Hacked,2011
290,PMC Medicare Choice,24361,03-08-2011,Hacked,2011
291,CVS CAREMARK,654,1/17/2011,"Hacked, Unauthorized Access/Disclosure",2011
292,CENTER FOR ARTHRITIS & RHEUMATIC DISEASES,8000,01-01-2011,Hacked,2011
293,"Robert B. Miller, MD",620,04-01-2011,Hacked,2011
294,Imaging Center of Garland,1031,3/15/2011,Improper Disposal,2011
295,New York State Department of Health,550,4/17/2011,Hacked,2011
296,St. Mary's Hospital for Children,550,4/17/2011,Hacked,2011
297,Medicare Fee-for-Service Program,13412,04-11-2011,Unauthorized Access/Disclosure,2011
298,VA Caribbean Healthcare System,6006,3/30/2011,Hacked,2011
299,Blue Cross Blue Shield of Michigan,11387,11/17/2010,"Unauthorized Access/Disclosure, Phishing/IT Incident",2010
300,Spartanburg Regional Healthcare System,400000,3/28/2011,Hacked,2011
301,Saint Joseph - Berea,1986,4/14/2011,"Hacked, Loss",2011
302,Navos,2700,3/15/2011,Unknown,2011
303,"Dunes Family Health Care, P.C",17000,03-11-2011,Hacked,2011
304,"Metropolitan Community Health Services, Inc.",1263,5/18/2011,Unknown,2011
305,TUBA CITY REGIONAL HEALTH CARE CORPORATION,2000,04-01-2011,"Loss, Improper Disposal",2011
306,"FOOTHILLS NEPHROLOGY, PC",1280,4/28/2011,Hacked,2011
307,Sutter Gould Medical Foundation (SGMF),1192,5/23/2011,Loss,2011
308,Silverpop Systems Inc. Health and Welfare Plan,884,4/15/2011,Hacked,2011
309,New River Health Association,950,04-01-2011,Unauthorized Access/Disclosure,2011
310,HealthCare Partners,15677,4/17/2011,Hacked,2011
311,"Gene S. J. Liaw, MD. PS",1105,04-04-2011,Loss,2011
312,Blue Cross and Blue Shield of Florida ,3463,04-11-2011,Unauthorized Access/Disclosure,2011
313,"NOL, LLC d/b/a Premier Radiology",810,05-07-2011,Hacked,2011
314,"Advanced Diagnostic Imaging, P.C.",705,05-07-2011,Hacked,2011
315,University of Missouri Health Care,1288,6/14/2011,Unknown,2011
316,Accendo,175350,01-01-2011,Unauthorized Access/Disclosure,2011
317,Ohio Health Plans,78042,06-03-2011,Hacked,2011
318,"Gail Gillespie and Associates, LLC",2000,6/25/2011,Hacked,2011
319,Health Plan of San Mateo,694,4/25/2011,Unauthorized Access/Disclosure,2011
320,Department of Health Care Policy and Financing,3589,05-06-2011,Loss,2011
321,Yanez Dental Corporation,10190,5/22/2011,Hacked,2011
322,Jackson Health System,1562,10-01-2008,Unauthorized Access/Disclosure,2008
323,The Mount Sinai Hospital,712,06-07-2011,Hacked,2011
324,Troy Regional Medical Center,880,3/22/2011,Unauthorized Access/Disclosure,2011
325,Lansing Community College,5000,05-09-2011,Phishing/IT Incident,2011
326,Dr Axel Velez,2800,6/19/2011,Hacked,2011
327," DeKalb Medical Center, Inc. d/b/a DeKalb Medical Hillandale",7500,07-11-2010,Hacked,2010
328,Beth Israel Deaconess Medical Center,2021,4/17/2011,Phishing/IT Incident,2011
329,"Gypsum Management and Supply, Inc. Medical and Dental Plan",25330,05-09-2011,Unauthorized Access/Disclosure,2011
330,"Andersen Air Force Base, Guam",700,5/13/2011,Improper Disposal,2011
331,Molina Medicare,4573,01-01-2011,Unauthorized Access/Disclosure,2011
332,Windsor Health Plan,1378,03-01-2011,Unauthorized Access/Disclosure,2011
333,Health Care Service Corporation,501,6/28/2011,Hacked,2011
334,University of Kentucky - UK HealthCare,3604,06-07-2011,Hacked,2011
335,"Austin Center for Therapy and Assessment, LLC",1870,07-08-2011,Hacked,2011
336,Treatment Services Northwest,1200,07-08-2011,Hacked,2011
337,Mills-Peninsula Health Services,1500,11-01-2009,Unauthorized Access/Disclosure,2009
338,Brigham and Women's Hospital and Faulkner Hospital ,638,6/21/2011,Hacked,2011
339,"Ashley Industrial Molding, Inc. Employee Welfare Benefit Plan ",506,05-09-2011,Phishing/IT Incident,2011
340,Monmouth Medical Center,6443,6/24/2011,Hacked,2011
341,Clara Maass Medical Center,8795,6/24/2011,Hacked,2011
342,Newark Beth Israel Medical Center,15015,6/24/2011,Hacked,2011
343,Saint Barnabas Medical Center,6179,6/24/2011,Hacked,2011
344,Washington State Department of Social and Health Services,3950,07-01-2011,Unauthorized Access/Disclosure,2011
345,St. Francis Hospital,948,06-01-2011,Loss,2011
346,"Reznick Group, P.C.",2459,05-09-2011,Phishing/IT Incident,2011
347,The Neurological Institute of Savannah & Center for Spine,63425,07-02-2011,Hacked,2011
348,Kimball Medical Center,6785,6/24/2011,Hacked,2011
349,Community Medical Center,6950,6/24/2011,Hacked,2011
350,American Health Medicare ,5848,06-01-2011,Hacked,2011
351,Texas Health Presbtyerian Hospital Flower Mound,10345,6/21/2011,Hacked,2011
352,Capron Rescue Squad District,815,02-05-2011,Unauthorized Access/Disclosure,2011
353,Cook County Health & Hospitals System,32008,6/24/2011,Hacked,2011
354,Lexington VAMC,1432,5/23/2011,Hacked,2011
355,"Dr. Victoria Falcone, Falcone Cosmetic Services, PC, Falcone Cosmetic Services of NJ, PC",3000,8/14/2011,"Hacked, Unauthorized Access/Disclosure",2011
356,"HEALTH RESEARCH INSTITUTE, INC., PFEIFFER TREATMENT CENTER",2000,07-01-2011,Hacked,2011
357,Stanford Hospital & Clinics,19651,09-09-2010,Unauthorized Access/Disclosure,2010
358,"Muir Orthopaedic Specialists, A Medical Group Inc.",1800,7/27/2011,Hacked,2011
359,NEA Baptist Clinic,3116,07-12-2011,Phishing/IT Incident,2011
360,Jonathan Noel MD,2059,7/13/2011,Hacked,2011
361,Texas Health and Human Services Commission,1696,03-10-2011,Hacked,2011
362,University of Wisconsin Oshkosh,3000,7/18/2011,Phishing/IT Incident,2011
363,Centro de Ortodoncia Inc.,2000,05-06-2010,Hacked,2010
364,"John T. Melvin, M.D.& Associates",2541,08-09-2011,Hacked,2011
365,"Diversified Resources, Inc.",863,08-11-2011,Hacked,2011
366,VA Gulf Coast Veterans Health Care System,1797,7/21/2011,Hacked,2011
367,Freda J Bowman  MD PA,1300,9/20/2011,"Unauthorized Access/Disclosure, Phishing/IT Incident",2011
368,"Bonney Lake Medical Center and Mythili R. Ramachandran, MD",2367,08-12-2011,Hacked,2011
369,United States Steel Corporation Plan for Active Employee Insurance Benefits and the United States Steel Corporation Plan for Retiree Insurance Benefits,4000,8/15/2011,Loss,2011
370,VA Illiana Health Care System,518,7/14/2011,Loss,2011
371,Health Texas Provider Network,1259,7/27/2011,Hacked,2011
372,Blue Cross of Northeastern Pennsylvania,507,09-09-2011,"Hacked, Unauthorized Access/Disclosure",2011
373,NYU Hospital for Joint Diseases Inventory Management Department,2600,6/23/2011,Hacked,2011
374,WAYNE HIGHLANDS SCHOOL DISTRICT,579,09-09-2011,"Hacked, Unauthorized Access/Disclosure",2011
375,"Summit Medical Group, PLLC",731,09-04-2011,Hacked,2011
376,MAPFRE Life,2209,08-05-2011,Hacked,2011
377,American Continental Insurance Company,690,7/28/2011,Hacked,2011
378,United of Omaha Life Insurance Company,1631,7/28/2011,Loss,2011
379,Mutual of Omaha Insurance Company,705,7/28/2011,Hacked,2011
380,Henry Ford Health System,520,08-08-2011,Hacked,2011
381,Indiana University,3266,8/16/2011,Hacked,2011
382,"Adult & Pediatric Dermatology, PC",2200,9/14/2011,Hacked,2011
383,The Nemours Foundation,1055489,08-10-2011,Loss,2011
384,"California Industrial Medicine, Inc.",700,9/28/2011,"Hacked, Unauthorized Access/Disclosure",2011
385,"InStep Foot Clinic, P.A.",2600,8/28/2011,Hacked,2011
386,North Memorial,6697,7/25/2011,Hacked,2011
387,"Lahey Clinic Hospital, Inc.",599,08-12-2011,Hacked,2011
388,UnitedHealth Group health plan single affiliated covered entity,3994,7/28/2011,Hacked,2011
389,Good Samaritan Hospital,1500,09-09-2011,Hacked,2011
390,"Amerigroup Community Care of New Mexico, Inc",1537,7/15/2011,Hacked,2011
391,Florida Hospital,12784,08-10-2011,Unauthorized Access/Disclosure,2011
392,"Thomas Jefferson University Hospitals, Inc.",3150,09-06-2011,Hacked,2011
393,Lankenau Medical Center,500,09-06-2011,Hacked,2011
394,"Spectrum Health Ssytems, Inc.  ",14750,8/24/2011,Hacked,2011
395,Conway Regional Medical Center,1472,8/24/2011,Loss,2011
396,Concordia Plan Services,7059,05-10-2011,Loss,2011
397,Stone Oak Urgent Care & Family Practice,6672,10/23/2011,"Hacked, Loss",2011
398,Indiana University School of Optometry,757,08-12-2011,Unauthorized Access/Disclosure,2011
399,"Brevard Emergency Services, P.A.",2200,8/26/2011,Hacked,2011
400,Georgetown University Hospital,1526,09-09-2011,Loss,2011
401,Morris Heights Health Center,927,8/27/2011,Hacked,2011
402,network180,1100,9/16/2011,Hacked,2011
403,Premier Imaging,551,9/14/2011,Unknown,2011
404,"The Good Samaritan Hospital of Cincinnati, Ohio",1089,09-03-2011,Hacked,2011
405,"Bethesda Hospital, Inc.",946,09-03-2011,Hacked,2011
406,"Julie A. Kennedy, D.M.D., P.A.",2900,9/30/2011,Hacked,2011
407,"KCI USA, Inc.",567,09-08-2011,Hacked,2011
408,Lebanon Internal Medicine Associates,55000,09-10-2011,Improper Disposal,2011
409,St. Joseph Medical Center,5000,09-11-2011,Hacked,2011
410,TRICARE Management Activity (TMA),4900000,9/13/2011,Loss,2011
411,UCLA Health System,2761,09-06-2011,Hacked,2011
412,Logan County Emergeny Ambulance Service Authority,12563,10-01-2011,"Hacked, Loss",2011
413,Lawrence Memorial Hospital,8275,09/20/2011 - 10/28/2011,"Unauthorized Access/Disclosure, Other",2011
414,Sutter Medical Foundation,943434,10/15/2011,Hacked,2011
415,Medcenter One,650,10/21/2011,Hacked,2011
416,Dallas County Hospital District dba Parkland Health & Hospital System,2464,09-05-2011,Unauthorized Access/Disclosure,2011
417,University of Kentucky UK HealthCare,878,9/25/2011,Loss,2011
418,State of Tennessee Sponsored Group Health Plan,1770,10-06-2011,Unauthorized Access/Disclosure,2011
419,Cleveland Clinic Florida,772,10-03-2011,Loss,2011
420,"Jay C. Platt, DDS",10705,10-06-2011,Hacked,2011
421,Rite Aid Corporation ,2900,10-07-2011,Other,2011
422,Advanced Occupational Medicine Specialists,7226,10-12-2011,Unauthorized Access/Disclosure,2011
423,Open MRI of Chicago,2000,09-06-2011,Improper Disposal,2011
424,University of Nebraska Medical Center,611,11/15/2011,Hacked,2011
425,Roberts S. Smith M.D. Inc.,17000,10/17/2011,Hacked,2011
426,"Paul C. Brown, MD, PS",4693,10/14/2011 - 10/17/2011,Hacked,2011
427,Molina Healthcare of California,11081,9/23/2009,Other,2009
428,Aegis Sciences Corporation,2185,11/22/2011,Hacked,2011
429,"Soundpath Health, Inc",7581,11/22/2011,Hacked,2011
430,Concentra Health,870,11/30/2011,Hacked,2011
431,Sleep HealthCenters LLC,2988,11/23/2011,Hacked,2011
432,Smile Designs,1670,12-01-2011,Hacked,2011
433,PBH,50000,11/15/2011,"Unauthorized Access/Disclosure, Other",2011
434,"CardioNet, Inc",1300,11-10-2011,Hacked,2011
435,"MDwise, Inc.",2700,02-10-2011,Unauthorized Access/Disclosure,2011
436,Ford Motor Company,1700,01-03-2012,Other,2012
437,Foundation Medical Partners,771,11/19/2011 - 12/01/2011,Hacked,2011
438,Kansas Department on Aging,7757,01-11-2012,Hacked,2012
439,Delta Dental of California,11646,12/22/2011 - 12/23/2011,Other,2011
440,Muskogee Regional Medical Center,844,12-05-2011,Loss,2011
441,Department of Medical Assistance Services,1444,11/02/2011 - 11/16/2011,"Unauthorized Access/Disclosure, Other",2011
442,"Oldendorf Medical Services, PLLC",549,1/17/2012,Hacked,2012
443,St.Vincent Physician Network,1423,12/01/2010-11/21/2011,"Hacked, Unauthorized Access/Disclosure",2010
444,Flex Physical Therapy,3100,12/30/2011,Hacked,2011
445,Metro Community Provider Network,3200,12-05-2011,"Phishing/IT Incident, Other",2011
446,University of Miami ,1219,11/24/2011,Hacked,2011
447,UnitedHealth Group health plan single affiliated covered entity,6678,12/15/2011,Other,2011
448,"Triumph, LLC",2000,12/13/2011,Hacked,2011
449,Fairview Health Services,14000,7/25/2011,Hacked,2011
450,Loma Linda University Medical Center (LLUMC),1366,12/19/2011,Other,2011
451,Ford Motor Company Salaried Health Reimbursement Arrangement (HRA) Plan,1700,12/29/2011,Other,2011
452,"Medco Health Solutions, Inc.",1287,11/30/2011,Hacked,2011
453,Lakeview Medical Center,698,01-04-2012,Hacked,2012
454,"Goshen Health System, Inc.",660,12/22/2011,Phishing/IT Incident,2011
455,Georgetown University Hospital,1549,11-01-2011,Unauthorized Access/Disclosure,2011
456,Motion Picture Industry Health Plans (MPI),703,09/23/2009 - 12/02/2011,Other,2009
457,Ochsner Health System,2088,1/19/2012,Loss,2012
458,Applegate Valley Family Medicine,2300,12/01/2011-12/17/2011,"Hacked, Unauthorized Access/Disclosure",2011
459,"CardioNet, Inc.",728,12/29/2011,Hacked,2011
460,Presbyterian Healthcare Services,7000,12/29/2011,Hacked,2011
461,"Alliant Health Plans, Inc.",632,01-01-2012,Unauthorized Access/Disclosure,2012
462,"FIRST MEDICAL CENTER, INC.",7706,01-11-2012,Hacked,2012
463,Lee Miller Rehabilitation Associates,10480,1/15/2012,Hacked,2012
464,"Jeremaih J. Twomey, F.A.C.P., P.A.",2559,12/31/2011,Hacked,2011
465,Anchorage Community Mental Health Services Inc.,2743,12/20/2011 - 01/04/2012,Unauthorized Access/Disclosure,2011
466,Robley Rex VA Medical Center ,1182,01-09-2012,Other,2012
467,Indiana Internal Medicine Consultants,20000,02-11-2012,Hacked,2012
468,Policlinica La Familia IPA 343,5994,01-11-2012,Hacked,2012
469,Servicios Medicos Integrados de Fajardo,10000,01-11-2012,Hacked,2012
470,Proveedores Aliados por tu SAlud,4645,01-12-2012,Hacked,2012
471,"Centro de Servicios de Cuidados Dirigidos, Inc. d/b/a Metro Salud grupo Profesional",27098,01-11-2012,Hacked,2012
472,Kern Medical Center ,1431,2/25/2012,Hacked,2012
473,"William F. DeLuca Jr., M.D.",577,1/16/2012,Hacked,2012
474,Grupo Medico IPA -341,7923,01-11-2012,Hacked,2012
475,Advanced Clinical Research Institute,875,1/26/2012,Hacked,2012
476,Access Medical Group -IPA 344,7606,01-11-2012,Hacked,2012
477,Georgia Health Sciences University,513,1/18/2012,Hacked,2012
478,"Baylor Heart and Vascular Center, LLP",1972,1/26/2012,Hacked,2012
479,Chicago Musculoskeletal Institute/Metro Orthopedics,750,12/31/2011,Other,2011
480,"Tufts Associated Health Maintenance Organization, Inc. and Tufts Insurance Company",3482,01/17/2012-02/02/2012,Other,2012
481,Duke University Health System,1370,07/01/2008 - 11/30/2011,Unauthorized Access/Disclosure,2008
482,St. Joseph's Medical Center,712,02-02-2012,Hacked,2012
483,UnitedHealth Group health plan single affiliated covered entity,3537,6/28/2011,Unauthorized Access/Disclosure,2011
484,CenterLight Healthcare,642,1/27/2012,Unauthorized Access/Disclosure,2012
485,Lake Granbury Medical Center,502,2/13/2012,Hacked,2012
486,County of Wayne Department of Personnel/Human Resources Benefits Administration Division,1229,3/16/2012,Unauthorized Access/Disclosure,2012
487,St. Elizabeth's Medical Center,6831,02-01-2012,Loss,2012
488,The Neighborhood Christian Clinic,9565,02-07-2012,Loss,2012
489,"AccentCare Home Health of California, Inc. Medicare # 057564    CA state License # 080000226",1000,04/20/2012 - 04/21/2012,Unauthorized Access/Disclosure,2012
490,Seton Health Plan,555,03-09-2012,Unauthorized Access/Disclosure,2012
491,awklein a med corp,2000,02-01-2011,Hacked,2011
492,Utah Department of Health,780000,03/10/2012-04/02/2012,Phishing/IT Incident,2012
493,IU Medical Group,1000,04-11-2012,Improper Disposal,2012
494,Rhinebeck Health Center/Center for Progressive Medicine,6745,11/15/2011-12/14/2011,Hacked,2011
495,Memorial Healthcare System,9497,08/01/2011 - 02/12/2012,Other,2011
496,"Roy E. Gondo, M.D.",2100,2/21/2012,Hacked,2012
497,"DRD Management, Inc. D/B/A DRD Knoxville Medical Clinic - Central",1000,2/16/2012,Improper Disposal,2012
498,Emory Healthcare,315000,02/07/2012 - 02/20/2012,"Unknown, Other",2012
499,"Rex Smith, DPM -Rex Smith Podiatry ",20915,2/19/2012,Hacked,2012
500,Desert AIDS Project,4400,04-12-2012,Hacked,2012
501,University of Arkansas for Medical Sciences,7121,2/15/2012,Unauthorized Access/Disclosure,2012
502,"TLC DENTAL DANIA, LLC",750,4/23/2012,Hacked,2012
503,South Carolina Department of Health and Human Services,228435,01/31/2012 - 04/02/2012,Unauthorized Access/Disclosure,2012
504,Oregon Health Authority,550,4/13/2012,Hacked,2012
505,SHIELDS For Families ,961,2/27/2012,Hacked,2012
506,"Safe Ride Services, Inc",42000,8/31/2011,"Unauthorized Access/Disclosure, Phishing/IT Incident",2011
507,IntraCare North Hospital,750,03/15/2011 - 08/18/2011,Hacked,2011
508,"Oakland Vision Services, PC",3000,04-09-2012,Phishing/IT Incident,2012
509,"Stephen Haggard, DPM Podiatry ",1597,03-04-2012,Hacked,2012
510,Baptist Health System,1655,03-08-2012,Improper Disposal,2012
511,University of Houston for UH College of Optometry,7000,02/22/2012-02/23/2012,"Unauthorized Access/Disclosure, Phishing/IT Incident",2012
512,Rite Aid Store 1343,2905,3/26/2012,Hacked,2012
513,Iowa Department of Human Services,3000,02/06/2012 - 03/14/2012,Improper Disposal,2012
514,Hogan Services Inc. Health Care Premium Plan,1134,3/30/2012,Unauthorized Access/Disclosure,2012
515,"Family HealthServices Minnesota, P.A.",4000,3/30/2012,Hacked,2012
516,St. Mary Medical Center,3900,05-07-2012,Loss,2012
517,Fairview Health Services,623,7/25/2011,Hacked,2011
518,Our Lady of the Lake Regional Medical Center,17000,3/16/2012,"Hacked, Loss",2012
519,UnitedHealth Group health plan single affiliated covered entity,19100,06/28/2011 - 12/12/2011,Unauthorized Access/Disclosure,2011
520,West Dermatology,1900,04/21/2012 - 04/22/2012,Hacked,2012
521,Duke University Health System,591,04/21/2004-02/16/2012,Unauthorized Access/Disclosure,2004
522,"Luz Colon, DPM  Podiatry ",1137,3/20/2012,"Hacked, Loss",2012
523,Ameritas Life Insurance Corp. ,3000,3/21/2012,Hacked,2012
524,Children's Hospital Boston,2159,3/25/2012,Hacked,2012
525,Upper Valley Medical Center,15000,10/01/2010-03/21/2012,Unauthorized Access/Disclosure,2010
526,Physician's Automated Laboratory,745,03/23/2012 - 03/26/2012,Hacked,2012
527,"Phoebe Putney Memorial Hospital, Inc. ",12937,07/26/2010-03/29/2012,Hacked,2010
528,Independence Physical Therapy,925,08-01-2011,Hacked,2011
529,Titus Regional Medical Center,5700,3/27/2012,"Loss, Unknown",2012
530,Titus Regional Medical Center,500,3/29/2012,Hacked,2012
531,Lutheran Community Services Northwest,756,03/29/2012-03/30/2012,Hacked,2012
532,"Volunteer State Health Plan, Inc. ",1102,03/16/2012-04/20/2012,Loss,2012
533,Charlie Norwood VA Medical Center,824,3/30/2012,Loss,2012
534,"Mid America Health, Inc.",1444,04-06-2012,Hacked,2012
535,"Metcare of Florida, Inc.",2557,05/01/2012 - 05/02/2012,Malware,2012
536,"Robert Witham, MD, FACP",11136,4/16/2012,Malware,2012
537,Memorial Sloan-Kettering Cancer Center,568,08/13/2009-04/12/2012,Malware,2009
538,"Gessler Clinic, P.A.",1409,05/03/2012-05/04/2012,Malware,2012
539,University of Kentucky HealthCare,4490,05-01-2012,Malware,2012
540,Wolf & Yun,824,4/24/2012,Malware,2012
541,Karen Kietzman,708,4/22/2012,Malware,2012
542,"Bruce G. Peller, DMD, PA",9953,4/22/2012,Unauthorized Access/Disclosure,2012
543,"Sharon L. Rogers, Ph.D., ABPP",585,6/16/2012,Hacked,2012
544,Health Texas Provider Network - Cardiovascular Consultants of North Texas,2462,03/16/2012 - 05/11/2012,Unauthorized Access/Disclosure,2012
545,SwedishAmerican Health System,1500,5/31/2012,Hacked,2012
546,River Arch Dental,2533,05-12-2012,"Loss, Unauthorized Access/Disclosure, Unknown",2012
547,Hamner Square Dental ,1112,05-12-2012,"Hacked, Loss, Unauthorized Access/Disclosure, Unknown",2012
548,Visiting Nurse Services of Iowa,1298,5/27/2012,Hacked,2012
549,Molalla Family Dental,4354,5/17/2012,"Unauthorized Access/Disclosure, Phishing/IT Incident, Other",2012
550,Pamlico Medical Equipment LLC,2917,5/16/2012,Loss,2012
551,Beth Israel Deaconess Medical Center,3900,5/22/2012,Hacked,2012
552,NYU School of Medicine Faculty Group Practice,8488,5/22/2012,Hacked,2012
553,"Adult & Child Center, Inc.",550,05-10-2012,Phishing/IT Incident,2012
554,"The Surgeons of Lake County, LLC",7067,06/22/2012-06/25/2012,Other,2012
555,Kindred Healthcare Inc d/b/a Kindred Transitional Care and Rehabilitation-Sellersburg,1504,06/01/2012-06/04/2012,Hacked,2012
556,Jeffrey Paul Edelstein M.D.,4800,5/28/2012,Hacked,2012
557,Northwestern Memorial Hospital,4211,06-11-2012,Hacked,2012
558,Walgreen Co.,1240,07-05-2012,Hacked,2012
559,VNA HealthCare,7461,6/25/2012,Hacked,2012
560,Hartford Hospital,2097,6/25/2012,Hacked,2012
561,Diversified Support Services,505,05-10-2012,Phishing/IT Incident,2012
562,Oregon Health & Science University,702,07-04-2012,Hacked,2012
563,Stanford Hospital & Clinics and School of Medicine,2300,07/15/2012 - 07/16/2012,Hacked,2012
564,Midtown Mental Health Center,890,05-10-2012,Phishing/IT Incident,2012
565,Harris County Hospital District,2875,04/14/2008 - 02/28/2011,Hacked,2008
566,Howard University Hospital,66601,1/25/2012,Hacked,2012
567,TEMPLE COMMUNITY HOSPITAL,603,07-03-2012,Hacked,2012
568,Memorial Healthcare System,105646,01/01/2011 - 07/05/2012,Hacked,2011
569,"Liberty Resources, Inc.",3183,08-04-2012,Hacked,2012
570,The University of Texas MD Anderson Cancer Center,2264,7/13/2012,Loss,2012
571,Central States Southeast and Siouthwest Areas Health & Welfare Fund,754,7/31/2012,"Unauthorized Access/Disclosure, Other",2012
572,LANA MEDICAL CARE,500,8/18/2012,Hacked,2012
573,"Cancer Care Group, P.C.",55000,7/19/2012,Hacked,2012
574,Tricounty Behavioral Health Clinic,4000,8/26/2012,Hacked,2012
575,Sierra Plastic Surgery,800,08/19/2011-09/20/2011,"Unauthorized Access/Disclosure, Phishing/IT Incident",2011
576,"Charlotte Clark-Neitzel, MD",942,7/24/2012,Hacked,2012
577,University of Miami,64846,7/18/2012,"Unauthorized Access/Disclosure, Other",2012
578,University of New Mexico Health Sciences Center,2365,5/21/2012,Phishing/IT Incident,2012
579,"Valley Plastic Surgery, P.C.",4873,7/15/2012,Hacked,2012
580,Colon & Digestive Health Specialists,5713,7/16/2012,Loss,2012
581,"BHcare, Inc",5827,7/19/2012,Hacked,2012
582,The Feinstein Institute for Medical Research,13000,09-02-2012,Hacked,2012
583,"St. Therese Medical Group, Inc",3031,7/22/2012,Hacked,2012
584,"Cabinet for Health and Family Services, Department for Community Based Services (Protection and Permanency)",2500,7/20/2012,Unauthorized Access/Disclosure,2012
585,"Litton & Giddings Radiological Associates, P.C.",13074,07/31/2012 - 08/02/2012,Improper Disposal,2012
586,"Apria Healthcare, Inc.",65700,6/14/2012,Hacked,2012
587,"Alexander J. Tikhtman, M.D.",2376,8/15/2012,Loss,2012
588,Gulf Coast Health Care Services Inc,13000,8/17/2012,"Hacked, Unauthorized Access/Disclosure, Phishing/IT Incident",2012
589,"Blount Memorial Hospital, Inc",27799,8/25/2012,Hacked,2012
590,"Alere Home Monitoring, Inc",116506,9/23/2012,Hacked,2012
591,"Coastal home Respiratory, LLP",3440,10-04-2012,Hacked,2012
592," Philip P Corneliuson, DDS, INC.",980,9/15/2012,Hacked,2012
593,"First Step Counseling, Inc.",638,05/01/2011 - 08/05/2011,Hacked,2011
594,"Logan Community Resources, Inc.",2900,8/24/2012,Phishing/IT Incident,2012
595,"David DiGiallorenzo, D.M.D.",2600,9/17/2012,"Unauthorized Access/Disclosure, Phishing/IT Incident",2012
596,CVS Caremark,955,8/13/2012,Hacked,2012
597,Memorial Hospital,500,8/29/2012,Improper Disposal,2012
598,"SURGICAL ASSOCIATES OF UTICA, PC",1017,9/18/2012,Hacked,2012
599,Illinois Department of Healthcare and Family Services,508,8/31/2012,Hacked,2012
600,Miami Beach Healthcare Group Ltd. dba Aventura Hospital and Medical Center,2560,01/01/2012 - 09/12/2012,Hacked,2012
601,"WYATT DENTAL GROUP, LLC",10271,11/04/2011 -04/15/2012,"Hacked, Unauthorized Access/Disclosure",2011
602,Women & Infants Hospital of Rhode Island,14004,9/13/2012,Loss,2012
603,Memorial Health System,6262,05-01-2012,Loss,2012
604,CHRISTUS St. John Hospital,5748,9/25/2012,Loss,2012
605,L.A. Care Health Plan,18000,09/17/2012-09/20/2012,Other,2012
606,"Hawaii State Department of Health, Adult Mental Health Division",674,9/25/2012,Phishing/IT Incident,2012
607,"Soundental Associates, PC",14511,9/24/2012,Hacked,2012
608,"Original Medicine Acupuncture & Wellness, LLC",540,09/07/2012 - 09/09/2012,Hacked,2012
609,Brigham and Women's Hospital,615,10/16/2012,Hacked,2012
610,"St. Francis Health Network, aka Franciscan Alliance ACO",2575,10/19/2012,Other,2012
611,"James M. McGee, D.M.D., P.C.",1306,09/19/2012 - 09/26/2012,Hacked,2012
612,Robbins Eye Center PC,1749,10-07-2012,Hacked,2012
613,"Advanced Data Processing, Inc.",10000,06/15/2012 -10/01/2012,Hacked,2012
614,Cuyahoga County Board of Developmental Disabilities,613,11-02-2012,Hacked,2012
615,Okaloosa County Public Safety,715,06/15/2012 - 10/01/2012,Hacked,2012
616,City of Covington Kentucky Fire Department ,1548,06/15/2012-10/01/2012,Hacked,2012
617,Northern Trust,500,9/13/2012,Unauthorized Access/Disclosure,2012
618,Vidant Pungo Hospital,1100,10-04-2012,Improper Disposal,2012
619,County of San Bernardino Department of Public Heatlh,1370,09/28/2012 - 09/30/2012,Unauthorized Access/Disclosure,2012
620,City of Overland Park Fire Department,911,06/15/2012 - 10/01/2012,Hacked,2012
621,Sumner County Emergency Medical Services,774,06/15/2012 - 10/01/2012,Hacked,2012
622,City of El Centro Fire Department,1500,10-01-2012,"Hacked, Unauthorized Access/Disclosure",2012
623,Landmark Medical Center,683,10-01-2012,Hacked,2012
624,City of Atlanta/ Atlanta Fire Rescue Department,908,06/15/2012-10/01/2012,Hacked,2012
625,University of Virginia Medical Center,1846,10-05-2012,Loss,2012
626,Osceola County EMS ,949,06/15/2012-10/01/2012,Hacked,2012
627,Carolinas Medical Center - Randolph,5600,03/11/2012 - 10/08/2012,Phishing/IT Incident,2012
628,"Coastal Behavioral Healthcare, Inc.",4907,04-11-2011,Hacked,2011
629,"CCS Medical, Inc.",6601,05/01/2012 - 09/21/2012,Unauthorized Access/Disclosure,2012
630,"City of Gloucester, Fire Department",1286,06/15/2012-10/01/2012,Hacked,2012
631,Columbia University Medical Center and NewYork-Presbyterian Hospital,4929,10/12/2012-10/15/2012,Hacked,2012
632,Baptist Health System,811,10/13/2012-10/27/2012,Other,2012
633,"DFA, Employee Benefits Division",7039,10/13/2012 - 10/27/2012,Other,2012
634,Health Advantage,2863,10/13/2012 - 10/27/2012,Other,2012
635,University of Michigan Health System,3999,11/14/2012,Hacked,2012
636,Westerville Dental Center,850,12-02-2012,Hacked,2012
637,"OHP PHSP, Inc.",28187,08/31/2012 - 09/21/2012,Unauthorized Access/Disclosure,2012
638,"Center for Orthopedic Research and Education, Inc.",35488,10/20/2012 - 10/21/2012,Hacked,2012
639,Calif. Dept. of Health Care Services (DHCS),2643,12/10/2012 - 12/18/2012,Unauthorized Access/Disclosure,2012
640,Richard Switzer MD PC,4100,11/29/2011,Other,2011
641,Gibson General Hospital,28893,11/27/2012,Hacked,2012
642,"Sovereign Medical Group, LLC",27800,10-10-2012,"Hacked, Phishing/IT Incident",2012
643,"Cabinet for Health & Family Services, Department of Medicaid Services",1090,11/15/2012,Phishing/IT Incident,2012
644,"Harbor Medical Associates, P.C.",4343,10/18/2012 - 11/04/2012,Phishing/IT Incident,2012
645,Sentara Healthcare,56820,11/14/2012,Hacked,2012
646,St. Mark's Medical Center,2988,5/21/2012,Phishing/IT Incident,2012
647,Group Health Incorporated,1771,11/13/2012,Hacked,2012
648,"Calvin Schuster,MD",532,11-04-2012,Hacked,2012
649,"Granite Medical Group, Inc.",4125,01/02/2010 - 11/15/2012,Phishing/IT Incident,2010
650,University of Nevada School of Medicine,1483,10-11-2012,Improper Disposal,2012
651,Dimensions Healthcare System,635,11/16/2012,Unauthorized Access/Disclosure,2012
652,SilverScript Insurance Company,852,10/31/2012,Unauthorized Access/Disclosure,2012
653,South Jersey Hospital Inc.,8555,11/14/2012,Hacked,2012
654,"Child & Family Psychological Services, Inc.",7250,10/18/2012-10/29/2012,Phishing/IT Incident,2012
655,Pousson Family Dentistry,1400,12-03-2012,Hacked,2012
656,South Shore Medical Center,4100,01/01/2007-11/15/2012,Phishing/IT Incident,2007
657,"Lee D. Pollan, DMD, PC",19178,11/06/2012-11/15/2012,Malware,2012
658,Washington University School of Medicine,1105,11/28/2012,Malware,2012
659,Riderwood Village,3230,11/18/2012,Malware,2012
660,WAYNE MEMORIAL HOSPITAL,1184,12-03-2012,Loss,2012
661,Baptist Health System,678,8/14/2011,Unauthorized Access/Disclosure,2011
662,Baillie Lumber Co. Group Health Plan,725,11/27/2012,Hacked,2012
663,The University of Texas MD Anderson Cancer Center,29021,4/30/2012,Hacked,2012
664,"Western Wisconsin Medical Association, S.C. - River Falls Medical Clinics",2400,05/30/2012-08/31/2012,Hacked,2012
665,Boy Scouts of America Employee Benefit Plan,8911,09/15/2012-11/30/2012,Hacked,2012
666,Kmart Corporation,16988,01-02-2013,Improper Disposal,2013
667,Community Services NW,2400,12-06-2012,Hacked,2012
668,American HomePatient Inc. ,1103,10-11-2012,Hacked,2012
669,Yadkinville Chiropractic DCPA,1000,02-01-2013,Hacked,2013
670,"Intervention Services, Inc.",1200,1/19/2013,Hacked,2013
671,West Georgia Ambulance,500,12/13/2012,Loss,2012
672,"Center for Pain Management, LLC",5822,1/22/2013,Hacked,2013
673,Multiple Health Plans,1368,12-07-2013,"Hacked, Other",2013
674,Froedtert Health,43549,10/27/2012-12/13/2012,Unauthorized Access/Disclosure,2012
675,Jackson Health System,566,05/26/2011 - 02/18/2012,Other,2011
676,Riderwood Village,5270,11/18/2012,Hacked,2012
677,"Kindred Healthcare, Inc. d/b/a Kindred Transitional Care and Rehabilitation - Marl",716,12/15/2012-12/17/2012,Hacked,2012
678,"HomeCare of Mid-Missouri, Inc.",4027,12/14/2012,Hacked,2012
679,Heyman HospiceCare at Floyd,1819,01-04-2013,Hacked,2013
680,Agency for Health Care Administration,1892,11/01/2012 - 12/20/2012,Unauthorized Access/Disclosure,2012
681,ABQ HealthPartners,778,12/20/2012,Hacked,2012
682,Terrell County Health Department,18000,01/09/2012 -  04/17/2012,Unauthorized Access/Disclosure,2012
683,Florida Healthy Kids Corporation,3667,11/01/2012-12/20/2012,Unauthorized Access/Disclosure,2012
684,Stronghold Counseling Services Inc,8500,12/24/2012,Hacked,2012
685,Arizona Oncology,501,11/21/2012,Hacked,2012
686,Crescent Health Inc. - a Walgreens Company,109000,12/28/2012,Hacked,2012
687,"County of San Bernardino, Department of Behavioral Health",686,01-12-2013,Hacked,2013
688,"WOMENS HEALTH ENTERPRISE, INC.",3000,01-02-2013,Hacked,2013
689,The Brookdale University Hospital and Medical Center,2261,08-11-2012,Hacked,2012
690,The Brookdale University Hospital and Medical Center,28187,9/21/2012,Hacked,2012
691,"Ultra Stores, Inc.",500,9/13/2012,Unauthorized Access/Disclosure,2012
692,South Miami Hospital,834,06-01-2011,Unauthorized Access/Disclosure,2011
693,Lancaster General Medical Group,527,02-05-2013,Hacked,2013
694,Maine Medical Center,1920,2/27/2013,Other,2013
695,"State of California, Dept. of Developmental Services",18162,11-10-2012,Hacked,2012
696,Utah Department of Health ,6332,01/10/2013-01/11/2013,Loss,2013
697,Sports Rehabilitation Consultants,1200,02-01-2013,Hacked,2013
698,University of Connecticut Health Center,1382,06/07/2010 - 12/07/2012,Unauthorized Access/Disclosure,2010
699,"United HomeCare Services, Inc.",12299,01-08-2013,Hacked,2013
700,United Home Care Services of Southwest Florida< LLC,1318,01-08-2013,Hacked,2013
701,"catoctin Dental/Richard B. Love, DDS, PA",6400,01-03-2013,Phishing/IT Incident,2013
702,Empire Blue Cross Blue Shield,2608,11/01/2011-10/01/2012,"Hacked, Unauthorized Access/Disclosure",2011
703,Anthem Blue Cross Blue Shield (OH),1678,11/01/2011-10/01/2012,"Hacked, Unauthorized Access/Disclosure",2011
704,Anthem Blue Cross Blue Shield (IN),528,11/01/2011-10/01/2012,"Hacked, Unauthorized Access/Disclosure",2011
705,Mount Sinai Medical Center,628,10/01/2012 - 02/18/2013,Hacked,2012
706,"Thomas L. Davis, Jr. DDS",3269,02-12-2013,Hacked,2013
707,"HealthCare for Women, Inc.",8727,01/18/2013-01/23/2013,Phishing/IT Incident,2013
708,University of Mississippi Medical Center,500,11/01/2012-01/19/2013,Loss,2012
709,Granger Medical Clinic,2600,1/17/2013,"Hacked, Loss, Other",2013
710,Texas Tech Unversity Health Sciences Center,697,2/18/2013,Unauthorized Access/Disclosure,2013
711,Rite Aid #10217,2082,02-01-2013,"Unknown, Other",2013
712,WA Department of Social and Health Services,629,02-04-2013,Hacked,2013
713,Carpenters Health & Welfare Trust Fund for California,2400,03/11/2013-03/12/2013,Unauthorized Access/Disclosure,2013
714,"Shands Jacksonville Medical Center, Inc.",1025,05/02/2012-06/22/2012,"Hacked, Unauthorized Access/Disclosure",2012
715,University of Florida,14519,03/01/2009 - 10/25/2012,"Hacked, Unauthorized Access/Disclosure, Other",2009
716,Kmart Corporation,12542,3/17/2013,Hacked,2013
717,GLENS FALLS HOSPITAL,2360,11/02/2012 - 03/14/2013,Hacked,2012
718,Hospice and Palliative Care Center of Alamance Caswell,5370,2/24/2013,"Hacked, Unauthorized Access/Disclosure",2013
719,"Texas Health Care, P.L.L.C.",554,03-10-2013,Hacked,2013
720,Network Health Insurance Corporation,3794,2/27/2012,Unauthorized Access/Disclosure,2012
721,Wm. Jennings Bryan Dorn VAMC,7405,02-11-2013,Loss,2013
722,John J. Pershing VA Medical Center,589,2/20/2013,Hacked,2013
723,Oregon Health & Science University,1076,2/22/2013,Hacked,2013
724,Schneck Medical Center,3131,3/14/2013,Unauthorized Access/Disclosure,2013
725,The Guidance Center of Westchester,1416,2/21/2013,Hacked,2013
726,Hope Hospice,818,12/27/2012 - 02/22/2013,Other,2012
727,"IHC Health Services, Inc. dba Intermountain Life Flight",857,3/28/2013,Unauthorized Access/Disclosure,2013
728,Valley Mental Health,700,2/27/2013,Hacked,2013
729,Delta Dental of Pennsylvania,14829,3/20/2013,Loss,2013
730,Raleigh Orthopaedic Clinic,17300,1/15/2013,"Hacked, Improper Disposal, Unauthorized Access/Disclosure",2013
731,Laboratory Corporation of America,1580,3/15/2013,Hacked,2013
732,"Arizona Counseling & Treatment Services, LLC",3800,03/18/2013-03/25/2013,Hacked,2013
733,Wood County Hospital,2500,3/19/2013,Hacked,2013
734,University of Rochester Medical Center & Affiliates,537,2/15/2013,Loss,2013
735,Orthopedics & Adult Reconstructive Surgery,22000,03/01/2013 - 03/13/2013,Loss,2013
736,El Centro Regional Medical Center,189489,11-07-2012,Improper Disposal,2012
737,Seattle - King County Department of Public Health,750,03-07-2013,Improper Disposal,2013
738,Regional Medical Center,1180,02-04-2013,Unauthorized Access/Disclosure,2013
739,Presbyterian Anesthesia Associates PA,9988,04-01-2013,Phishing/IT Incident,2013
740,"Integrity Oncology, an office of Baptist Medical Group",539,03-05-2013,Other,2013
741,"Piedmont HealthCare, P.A.",1924,3/28/2013,Phishing/IT Incident,2013
742,Indiana University Health Arnett,10350,04-09-2013,Hacked,2013
743,"Dent Neurologic Group, LLP",10000,5/13/2013,Other,2013
744,City of Norwood,9577,04/14/2013 - 04/19/2013,Loss,2013
745,Lutheran Social Services of South Central Pennsylvania,7803,06/01/2012 - 03/07/2013,Phishing/IT Incident,2012
746,Comfort Dental Marion and Kokomo,5388,03/14/2013-03/18/2013,Improper Disposal,2013
747,Erskine Family Dentistry,2723,3/19/2013,Phishing/IT Incident,2013
748,Health Resources of Arkansas,1900,4/14/2013,"Hacked, Unauthorized Access/Disclosure",2013
749,Various Health Plans,3164,04/14/2013-04/15/2013,Hacked,2013
750,Independence Care System,2434,05-07-2013,Hacked,2013
751,Sonoma Valley Hospital,1386,2/14/2013,Other,2013
752,University of Florida,5875,02/01/2012- 04/11/2013,"Hacked, Unauthorized Access/Disclosure",2012
753,"Community Support Services, Inc.",1167,03/20/2013-03/26/2013,Hacked,2013
754,UMASSAmherst,1670,10/22/2012,Phishing/IT Incident,2012
755,Palm Beach County Health Department,877,01-07-2013,Unauthorized Access/Disclosure,2013
756,Lucile Packard Children's Hospital,12900,05-08-2013,Hacked,2013
757,Fayetteville VAMC,1093,4/17/2013,Improper Disposal,2013
758,Lincoln County Health and Human Services/Lincoln Community Health Center,959,4/17/2013,Unauthorized Access/Disclosure,2013
759,Union Security Insurance Company,1127,5/17/2013,Improper Disposal,2013
760,"Gulf Breeze Family Eyecare, Inc",9626,03/08/2013-05/09/2013,"Hacked, Unauthorized Access/Disclosure",2013
761,Jacksonville Spine Center,5200,4/25/2013,Unauthorized Access/Disclosure,2013
762,Iowa Department of Human Services,7335,4/30/2013,"Loss, Unknown",2013
763,James A. Fosnaugh,2125,05/01/2013 - 05/03/2013,Loss,2013
764,Lone Star Circle of Care,1955,05/01/2013-05/02/2013,Hacked,2013
765,Aflac,679,05-09-2013,Hacked,2013
766,Indiana Family & Social Services Administration,187533,04/06/2013-05/21/2013,Other,2013
767,Northrop Grumman Retiree Health Plan,4305,5/20/2013,Hacked,2013
768,"Health Net, Inc.",8331,04/01/2013 - 05/31/2013,Other,2013
769,"South Florida Neurology Associates, P.A.",900,05/25/2013-05/30/2013,Hacked,2013
770,Samaritan Regional Health System,2203,5/29/2013,Other,2013
771,MED-EL Coproration,609,6/25/2013,Other,2013
772,Sutter Health East Bay Region (Alta Bates Summit Medical Center; Sutter Delta Medical Center; Eden Medical Center),4479,03-01-2011,Unauthorized Access/Disclosure,2011
773,Illinois Department of Healthcare and Familiy Services,3133,05-08-2013,Other,2013
774,Delta Dental of Pennsylvania,4718,5/13/2013,Loss,2013
775,"Medtronic, Inc.",2764,03/28/2013-03/29/2013,Loss,2013
776,Texas Health Harris Methodist Hospital Fort Worth,277014,05-11-2013,Improper Disposal,2013
777,Long Beach Memorial Medical Center,2864,09/01/2012-07/01/2013,Unauthorized Access/Disclosure,2012
778,Hansen & Associates,2700,05/21/2013-05/29/2013,Hacked,2013
779,Sheet Metal Local 36 Welfare Fund,4560,08/01/2012-07/08/2013,Unauthorized Access/Disclosure,2012
780,Harris County,21000,08/15/2005 - 06/14/2007,Unauthorized Access/Disclosure,2005
781,"San Jose Medical Supply Co., Inc.",800,10/01/2011-11/31/2011,"Hacked, Unauthorized Access/Disclosure, Phishing/IT Incident",2011
782,"GEO Care, LLC",710,4/16/2013,Unauthorized Access/Disclosure,2013
783,The Brookdale Hospital and Medical Center,2700,5/24/2013,Loss,2013
784,Louisiana State University Health Care Services Division,6994,12-01-2011,Unauthorized Access/Disclosure,2011
785,Oregon Health & Science University,1361,01/01/2011-07/03/2013,Unauthorized Access/Disclosure,2011
786,"Rocky Mountain Spine Clinic, P.C.",532,06-11-2013,"Hacked, Unauthorized Access/Disclosure",2013
787,"Vitreo-Retinal Medical Group, Inc. ",1837,06-05-2013,Hacked,2013
788,Arkansas Department of Human Services,1911,4/14/2013,Hacked,2013
789,Baylor All Saints Medical Center at Fort Worth,940,05/07/2013-06/06/2013,Unauthorized Access/Disclosure,2013
790,"Cogent Healthcare, Inc.",32151,05/05/2013-06/24/2013,Unauthorized Access/Disclosure,2013
791,Young Family Medicine Inc.,2045,06-12-2013,Hacked,2013
792,Hancock OB/GYN,1396,11/09/2011 - 06/17/2013,Unauthorized Access/Disclosure,2011
793,Colfax,5497,04-11-2013,Other,2013
794,Missouri Department of Social Services,1357,10/16/2011 - 06/07/2013,Unauthorized Access/Disclosure,2011
795,Foundations Recovery Network,5690,6/15/2013,Hacked,2013
796,California Correctional Health Care Services,1033,6/19/2013,Other,2013
797,North Texas Comprehensive Spine & Pain Center,3200,6/16/2013,"Hacked, Loss",2013
798,Minne-Tohe Health Center/Elbowoods Memorial Health Center,10000,10-01-2011,"Improper Disposal, Unauthorized Access/Disclosure",2011
799,Jackson Health System,1471,01/08/2013 - 01/10/2013,Other,2013
800,"Advocate Health and Hospitals Corporation, d/b/a Advocate Medical Group",4029530,7/15/2013,Hacked,2013
801,"Summit Community Care Clinic, Inc.",921,7/22/2013,Phishing/IT Incident,2013
802,UT Physicians,596,07/22/2013-08/02/2013,"Hacked, Loss",2013
803,Parkview Community Hospital Medical Center,32000,05/05/2013 - 06/24/2013,Other,2013
804,Atlanta Center for Reproductive Medicine,654,07-12-2013,Other,2013
805,St. Anthony's Physician Organization,2600,7/29/2013,Hacked,2013
806,Janna Benkelman LPC LLC,1500,08-01-2013,Hacked,2013
807,Olson & White Orthodontics,10000,7/22/2013,Hacked,2013
808,Kaiser Foundation Health Plan of the Northwest,647,3/15/2013,Unauthorized Access/Disclosure,2013
809,"Hankyu Chung, M.D.",2182,6/17/2013,Hacked,2013
810,"ICS Collection Service, Inc. on behalf of University of Chicago Physicians Group",1290,07-09-2013,Phishing/IT Incident,2013
811,ACO of Puerto Rico,5000,03/05/2013 - 07/16/2013,Hacked,2013
812,"NHC HealthCare, Oak Ridge",4268,05-10-2013,Loss,2013
813,"NHC HealthCare, Mauldin",4204,5/15/2013,Improper Disposal,2013
814,Advocate Health and Hospitals Corporation d/b/a Advocate Medical Group ,2029,06/30/2013 - 08/15/2013,Phishing/IT Incident,2013
815,Dreyer Medical Clinic,998,06/30/2013 - 08/15/2013,Phishing/IT Incident,2013
816,"South Shore Physicians, PC",8000,01/01/2006 - 01/12/2012,Hacked,2006
817,Dermatology Associates of Tallahassee,916,09-04-2013,Unknown,2013
818,Sierra View District Hospital,1009,07/01/2013 - 08/02/2013,Unauthorized Access/Disclosure,2013
819,Missouri Department of Social Services,25461,12/21/2009 - 06/07/2013,Unauthorized Access/Disclosure,2009
820,"Holy Cross Hospital, Inc.",9900,8/14/2013,"Hacked, Unauthorized Access/Disclosure",2013
821,Region Ten Community Services Board,10228,7/29/2013,Phishing/IT Incident,2013
822,Comprehensive Podiatry LLC,1360,08-03-2013,Hacked,2013
823,Santa Clara Valley Medical Center,579,09/14/2013 - 09/15/2013,Hacked,2013
824,"Sarah Benjamin, DPM - Littleton Podiatry ",3512,8/27/2013,Hacked,2013
825,"Carol L. Patrick, Ph.D.",517,08/08/2013-08/09/2013,Hacked,2013
826,HOPE Family Health,6932,08-04-2013,Hacked,2013
827,"Paul G. Klein, DPM",2500,10-01-2013,Hacked,2013
828,UnityPoint Health Affiliated Covered Entity (\UnityPoint\),1825,02/01/2013-08/27/2013,Unauthorized Access/Disclosure,2013
829,TSYS Employee Health Plan,5232,09-05-2013,Hacked,2013
830,"University of California, San Francisco",3553,09-09-2013,Hacked,2013
831,"Reconstructive Orthopaedic Associates II, P.C. d/b/a Rothman Institute",2350,03/18/2013-05/13/2013,"Hacked, Unauthorized Access/Disclosure",2013
832,Group Health Cooperative,1015,9/16/2013,Other,2013
833,Schuylkill Health System,2810,08-07-2013,Hacked,2013
834,CaroMont Medical Group,1310,08-05-2013,Other,2013
835,Mount SInai Medical Center,1586,08-06-2013,Improper Disposal,2013
836,Memorial Hospital of Lafayette County,4330,08-03-2013,Unauthorized Access/Disclosure,2013
837,Saint Louis University,3100,7/25/2013,Unauthorized Access/Disclosure,2013
838,MUSC Physicians & MUHA,7120,6/30/2013,Phishing/IT Incident,2013
839,Ferris State University - MI College of Optometry,3947,12-01-2011,Phishing/IT Incident,2011
840,"Access Counseling, LLC",566,8/23/2013,Hacked,2013
841,Rose Medical Center,606,06/28/2013 - 07/16/2013,Improper Disposal,2013
842,BriovaRx,1067,07/03/2013 - 07/11/2013,Unauthorized Access/Disclosure,2013
843,"North Country Hospital and Health Center, Inc",550,9/18/2013,Malware,2013
844,"Hope Community Resources, Inc.",1556,8/19/2013,Unauthorized Access/Disclosure,2013
845,Broward Health Medical Center,960,10/01/2012 - 12/31/2012,Unauthorized Access/Disclosure,2012
846,Sentara Healthcare,3645,10/01/2012 - 07/11/2013,Hacked,2012
847,Mount Sinai Medical Center,610,08-01-2013,Loss,2013
848,Texas Health Presbyterian Dallas Hospital,949,8/22/2013,Hacked,2013
849,Seton Healthcare Family,5500,10-04-2013,Hacked,2013
850,BRONX-LEBANON HOSPITAL CENTER,10930,9/23/2009,Unauthorized Access/Disclosure,2009
851,"Martin Luther King Jr. Health Center, Inc.",37000,9/23/2009,Unauthorized Access/Disclosure,2009
852,SSM St. Mary's Health Center,1300,7/25/2013,Unauthorized Access/Disclosure,2013
853,Good Samaritan Hospital,3833,07-08-2013,Hacked,2013
854,SSM Health Care of Wisconsin DBA: St. Mary's Janesville Hospital,631,8/27/2013,Hacked,2013
855,AHMC Healthcare Inc. and affiliated Hospitals,729000,10-12-2013,Hacked,2013
856,"Greater Dallas Orthopaedics, PLLC",5840,8/30/2013,Hacked,2013
857,"Spirit Home Health Care, Corp",603,9/19/2013,Improper Disposal,2013
858,Rotech Healthcare Inc.,10680,11/26/2010 - 10/01/2013,Unauthorized Access/Disclosure,2010
859,"Reimbursement Technologies, Inc.",2300,05/01/2013 - 07/26/2013,Unauthorized Access/Disclosure,2013
860,Comprehensive Psychological Services LLC,3500,10/28/2013,Hacked,2013
861,"Superior HealthPlan, Inc.",6284,10-04-2013,Other,2013
862,Genesis Rehabilitation Services,1167,8/30/2013,Loss,2013
863,"Colorado Health & Wellness, Inc.",651,09-04-2013,"Hacked, Unauthorized Access/Disclosure",2013
864,Barnabas Health Medical Group,1100,9/24/2013,Hacked,2013
865,"DaVita, a division of DaVita HealthCare Partners Inc",11500,09-06-2013,"Hacked, Other",2013
866,Blue Cross and Blue Shield of North Carolina,687,10/14/2013,Unauthorized Access/Disclosure,2013
867,North Carolina Department of Health and Human Services - Division of State Operated Health Care Facilities  ,1315,8/13/2013,Unauthorized Access/Disclosure,2013
868,Puerto Rico Health Insurance Administration (PRHIA),13336,9/20/2013,Unauthorized Access/Disclosure,2013
869,Triple-S Salud ,70189,9/20/2013,Unauthorized Access/Disclosure,2013
870,Associated Urologists of North Carolina,7300,09/17/2012 - 09/17/2013,Other,2012
871,Kemmet Dental Design ,2000,11-10-2013,"Hacked, Other",2013
872,Hospice of the Chesapeake,7606,08-09-2013,Unauthorized Access/Disclosure,2013
873,"Scottsdale Dermatology, LTD",1456,01/01/2013 -10/04/2013,Hacked,2013
874,Memorial Sloan-Kettering Cancer Center,2279,08-01-2013,Loss,2013
875,Gerdau Ameristeel Health and Welfare Plan,3804,9/27/2013,Malware,2013
876,Gerdau Macsteel Health and Welfare Plan,4837,9/27/2013,Malware,2013
877,UHS-Pruitt Corporation,1300,9/26/2013,Malware,2013
878,"United Dynacare, LLC dba Dynacare Laboratories",9328,10/22/2013,Malware,2013
879,Redwood Memorial Hospital,1039,11-06-2013,Loss,2013
880,Kaiser Foundation Hospital- Orange County,49000,9/25/2013,Loss,2013
881,Jones Chiropractic and Maximum Health,1500,10/13/2013,Hacked,2013
882,Ronald Schubert MD PLLC,950,11/22/2013,Hacked,2013
883,UPMC,1279,11/05/2012 - 11/06/2013,Unauthorized Access/Disclosure,2012
884,UW Medicine,76183,10-02-2013,Phishing/IT Incident,2013
885,City of Chicago,2080,06/18/2013 - 10/07/2013,Unauthorized Access/Disclosure,2013
886,CIty of Joliet,1573,10-08-2013,Unauthorized Access/Disclosure,2013
887,SIU HealthCare,1891,09/13/2013 - 10/15/2013,"Hacked, Loss",2013
888,The Good Samaritan Health Center,5000,11-06-2013,Other,2013
889,UniHealth Source,4500,10-08-2013,Hacked,2013
890,Walgreen Co.,17350,09/18/2013 - 10/04/2013,Other,2013
891,Methodist Dallas Medical Center,44000,09/01/2005 - 08/01/2013,Unauthorized Access/Disclosure,2005
892,Florida Digestive Health Specialists,4400,03/06/2013 -09/09/2013,Unauthorized Access/Disclosure,2013
893,"Northside Hospital, Inc.",4879,10-10-2013,Loss,2013
894,"Health Help, Inc.",535,10/15/2013,Hacked,2013
895,L.A. Gay & Lesbian Center,59000,09/17/2013 - 11/08/2013,Phishing/IT Incident,2013
896,Mosaic,3857,10-11-2013,Other,2013
897,New Jersey Department of Human Services,9642,10/18/2013,Loss,2013
898,"Fairfax County, Virginia",1499,09/09/2013 - 10/03/2013,Unauthorized Access/Disclosure,2013
899,Wyoming Department of Health,11935,10/16/2013,Unauthorized Access/Disclosure,2013
900,Shiloh Medical Clinic,1900,11-08-2013,Unauthorized Access/Disclosure,2013
901,South Carolina Health Insurance Pool,3432,10/16/2013,Hacked,2013
902,Tennova Cardiology,2777,10/21/2013,Hacked,2013
903,Delta Dental of Pennsylvania,1674,10/16/2013,Loss,2013
904,"Molina Healthcare of Texas, Inc.",2826,10-01-2013,Other,2013
905,"Rob Meaglia, DDS",1400,12/16/2013,Hacked,2013
906,Jeff Spiegel,832,11/25/2013,Unauthorized Access/Disclosure,2013
907,Tranquility Counseling Services,1683,11-01-2013,Other,2013
908,Florida Department of Health,2354,10/30/2013,Unauthorized Access/Disclosure,2013
909,"New Mexico Oncology Hematology Consultants, LTD",12354,11/13/2013,Hacked,2013
910,Department of Health Care Policy & Financing,1918,11/21/2013,Unauthorized Access/Disclosure,2013
911,"Horizon Healthcare Services, Inc., doing business as Horizon Blue Cross Blue Shield of New Jersey, and its affiliates",839711,11-01-2013,Hacked,2013
912,Phoebe Putney Memorial Hospital,6989,11-05-2013,Loss,2013
913,Coulee Medical Center,2500,01/01/2010-11/30/2013,Unauthorized Access/Disclosure,2010
914,University of Pennsylvania Health System,3000,11/26/2013,Other,2013
915,North Carolina Department of Health and Human Services ,48752,12/30/2013,Unauthorized Access/Disclosure,2013
916,101 FAMILY MEDICAL GROUP,2500,11/23/2013,Hacked,2013
917,Tri Lakes Medical Center,1489,9/20/2013,Phishing/IT Incident,2013
918,VA Dept. of Medical Assistance Services,25513,11/15/2013,"Unauthorized Access/Disclosure, Other",2013
919,Cook County Health & Hospitals System,22511,11-12-2013,Other,2013
920,Southwest General Health Center,953,04/13/2013 - 10/31/2013,Unknown,2013
921,"Robert B. Neves, M.D., Inc",611,05-08-2011,Hacked,2011
922,"Triple-S Salud, Inc.",398000,09-09-2010,Hacked,2010
923,"Triple-S Salud, Inc.",8000,10-03-2008,"Hacked, Unauthorized Access/Disclosure",2008
924,Urology Centers of Alabama PC and Urology Health Foundation,1085,8/22/2013,Other,2013
925,Medical Mutual of Ohio,1420,10/16/2013,Unauthorized Access/Disclosure,2013
926,Unity Health Plans Insurance Corporation,41437,12-12-2013,Loss,2013
927,The University of Texas MD Anderson Cancer Center,3598,12-02-2013,Loss,2013
928,Beebe Medical Center,1883,09-02-2013,Other,2013
929,St. Joseph Health System ,405000,12/16/2013,Phishing/IT Incident,2013
930,"Min Yi, M.D.",4676,5/28/2013,Hacked,2013
931,Easter Seal Society of Superior California,3026,12-10-2013,Hacked,2013
932,PruittHealth Pharmacy Services,841,12-06-2013,Hacked,2013
933,"RGH Enterprises, Inc.",4230,03/09/2013-03/11/2013,Hacked,2013
934,Network Pharmacy Knoxville,9602,11/18/2013,Hacked,2013
935,Saint Francis Hospital and Medical Center,858,12/27/2013,Hacked,2013
936,Health Dimensions,5370,11-02-2013,Hacked,2013
937,COMPLETE MEDICAL HOMECARE,1700,12-12-2013,Unauthorized Access/Disclosure,2013
938,Hospital for Special Surgery,937,3/19/2013,Hacked,2013
939,The Brooklyn Hospital Center,2172,12-02-2013,Loss,2013
940,Kmart Corporation,16446,01-04-2014,Hacked,2014
941,WA State Department of Social & Health Services,3104,8/19/2013,"Unauthorized Access/Disclosure, Other",2013
942,"Lewis J. Sims, DPM, PC dba Sims and Associates Podiatry ",6475,01-10-2014,"Hacked, Other",2014
943,University of Miami,13074,6/27/2013,Loss,2013
944,"Supportive Concepts for Families, Inc.",593,02-06-2013,Unauthorized Access/Disclosure,2013
945,Health Care Solutions at Home Inc.,1139,12/17/2013,Other,2013
946,University of California Davis Medical Center,2269,12/13/2013,Phishing/IT Incident,2013
947,"St. Vincent Hospital and Healthcare, Inc",1142,12/23/2013,Hacked,2013
948,Missouri Consolidated Health Care Plan,10024,3/23/2012,Unauthorized Access/Disclosure,2012
949,The Clorox Company Group Insurance Plan,520,4/16/2012,Unauthorized Access/Disclosure,2012
950,Regents of the University of Minnesota,4786,3/29/2012,Unauthorized Access/Disclosure,2012
951,Inspira Health Network Inc.,1411,12/23/2013,Hacked,2013
952,"Nissan North America, Inc.",1511,05-08-2012,Unauthorized Access/Disclosure,2012
953,"Care Advantage, Inc.",3458,01-01-2013,Hacked,2013
954,HealthSource of Ohio Inc.,8845,11/18/2013,"Unauthorized Access/Disclosure, Other",2013
955,"The Kroger Co., for itself and its affiliates and subsidiaries",504,10/30/2013,Other,2013
956,"Cornerstone Health Care, PA",548,12/31/2013,"Hacked, Loss",2013
957,Joseph Michael Benson M.D,7500,01-05-2014,Hacked,2014
958,All for Kids Pediatric Clinic,600,12/27/2013,Other,2013
959,Eureka Internal Medicine,3534,9/25/2013,Improper Disposal,2013
960,Brazos Valley Pathology,3300,12/16/2013,Phishing/IT Incident,2013
961,Banner Health,55207,2/21/2014,Other,2014
962,Monarch Women's Health,1145,8/22/2013,Phishing/IT Incident,2013
963,"Punuru J.M. Reddy, MD, Inc.",1179,8/22/2013,Phishing/IT Incident,2013
964,Iowa Dept. of Human Services,2042,12-01-2008,Other,2008
965,City of Hope,5400,02-05-2014,Hacked,2014
966,Mission City Community Network,7800,5/31/2013,Hacked,2013
967,"Partners In Nephrology & Endocrinology, P.C.",5000,11/13/2013,Other,2013
968,"University of California, San Francisco",9861,01-11-2014,Hacked,2014
969,Detroit Medical Center - Harper University Hospital,1087,09-07-2012,"Hacked, Unauthorized Access/Disclosure",2012
970,"Todd M. Burton, M.D.",5000,1/13/2014,Hacked,2014
971,Valley View Hospital Association,5415,09-11-2013,Other,2013
972,Hospitalists of Arizona,1706,12/31/2013,Hacked,2013
973,"McBroom Clinic, PA",2260,01-09-2014,"Loss, Improper Disposal",2014
974,"QBE Holdings, Inc.",1746,05-09-2012,Unauthorized Access/Disclosure,2012
975,Berea College,1000,1/24/2012,Other,2012
976,"HealthPartners, Inc.",27839,01-07-2008,"Loss, Unauthorized Access/Disclosure",2008
977,"Group Health Plan, Inc. Medical Benefit Plan",796,01-07-2008,"Loss, Unauthorized Access/Disclosure",2008
978,State Employee Group Insurance Plan,1699,01-07-2008,"Loss, Unauthorized Access/Disclosure",2008
979,University of Minnesota Employee Benefits,715,01-07-2008,"Loss, Unauthorized Access/Disclosure",2008
980,San Francisco General Hospital & Trauma Center,55900,02-05-2014,Hacked,2014
981,University of Kentucky UK HealthCare,1079,02-04-2014,Hacked,2014
982,Yellowstone Boys and Girls Ranch,543,07-11-2013,Hacked,2013
983,"Orlando Health, Inc.",586,1/28/2014,Loss,2014
984,NOVA Chiropractic & Rehab Center,5534,1/30/2014,"Loss, Other",2014
985,Susquehanna Health,657,12-05-2013,Unauthorized Access/Disclosure,2013
986,Jewish Hospital,2992,1/15/2014,Other,2014
987,Franciscan Medical Group,8300,1/15/2014,Other,2014
988,Palomar Health,5499,2/21/2014,Hacked,2014
989,"Myriad Genetic Laboratories, Inc.",643,03-06-2013,Unauthorized Access/Disclosure,2013
990,Medical Center of Plano,1000,12-10-2013,Unauthorized Access/Disclosure,2013
991,Florida Healthy Kids Corporation,580,11/13/2013,Unauthorized Access/Disclosure,2013
992,"Midwest Orthopaedics at Rush, LLC",1256,02-10-2014,Phishing/IT Incident,2014
993,Texas Health and Human Services Commission,2934,02-02-2014,Hacked,2014
994,Kaiser Permanente Northern CA Department of Research,5178,10/18/2011,Phishing/IT Incident,2011
995,Triple-S Salud ,5795,01-01-2013,Hacked,2013
996,American Health Inc. ,17776,01-01-2013,Hacked,2013
997,"State Long Term Care Ombudsman's Office, Michigan Department of Community Health",2595,1/30/2014,Hacked,2014
998,County of Los Angeles,338700,02-05-2014,Hacked,2014
999,Presence St. Joseph's Medical Center,836,10/22/2013,Other,2013
1000,"Clinical Reference Laboratory, Inc.",979,02-06-2014,Loss,2014
1001,Various Health Plans,527,03-05-2014,Loss,2014
1002,"Amerigroup Texas, Inc. ",75026,04-01-2012,Hacked,2012
1003,BLUE CROSS AND BLUE SHIELD OF KANSAS CITY,2546,8/16/2013,Unauthorized Access/Disclosure,2013
1004,"University Urology, P.C.",1144,03-07-2013,Unauthorized Access/Disclosure,2013
1005,"Healthy Connections, Inc",793,3/25/2014,Loss,2014
1006,Administracion de Seguros de Salud,46473,05-08-2013,Hacked,2013
1007,Greenwood Leflore Hospital,3750,2/23/2014,Hacked,2014
1008,Maryland Developmental Disabilities Administration,10766,11/27/2013,"Unauthorized Access/Disclosure, Phishing/IT Incident",2013
1009,Los Robles Hospital and Medical Center,2523,2/14/2014,"Hacked, Unauthorized Access/Disclosure",2014
1010,Shaker Clinic,617,2/18/2014,Loss,2014
1011,VGM Homelink,1400,2/28/2014,Other,2014
1012,Larsen Dental Care LLC,6900,03-04-2014,Hacked,2014
1013,The Union Labor Life Insurance Company,46771,2/17/2014,Hacked,2014
1014,Coordinated Health,733,2/21/2014,Hacked,2014
1015,CENTURA HEALTH,12286,02-11-2014,Phishing/IT Incident,2014
1016,"Ladies First Choice, Inc.",2365,01-01-2013,"Hacked, Unauthorized Access/Disclosure",2013
1017,"Tufts Associated Health Maintenance Organization, Inc. and Tufts Insurance Company ",8830,04-10-2014,Hacked,2014
1018,Developmental Disabilities Administration,2200,03-03-2014,Unauthorized Access/Disclosure,2014
1019,Willis North America Inc. Medical Expense Benefit Plan,4830,3/19/2014,Unauthorized Access/Disclosure,2014
1020,Sorenson Communications/CaptionCall Group Health Plan,9800,2/20/2014,Phishing/IT Incident,2014
1021,Baylor Medical Center at McKinney,1253,1/23/2014,Phishing/IT Incident,2014
1022,Baylor Medical Center at Irving,2308,1/23/2014,Phishing/IT Incident,2014
1023,Baylor Regional Medical Center at Plano,1981,1/23/2014,Phishing/IT Incident,2014
1024,HealthTexas Provider Network,2742,1/23/2014,Phishing/IT Incident,2014
1025,DeKalb Health,1361,02-09-2014,Phishing/IT Incident,2014
1026,Iowa Medicaid Enterprise,862,2/26/2014,Unauthorized Access/Disclosure,2014
1027,Flowers Hospital,629,06-03-2013,Hacked,2013
1028,Reading Health System,1845,03-02-2012,Loss,2012
1029,City of Cincinnati,5696,04-04-2014,Other,2014
1030,UMass Memorial Medical Center,2387,05-06-2002,Unauthorized Access/Disclosure,2002
1031,The City of Henderson,1008,6/27/2012,Other,2012
1032,Options Counseling Center,2828,05-01-2011,"Hacked, Unauthorized Access/Disclosure",2011
1033,"Molina Healthcare of California Partner Plan, Inc.",4744,3/18/2014,Other,2014
1034,Howard L. Weinstein D.P.M.,1000,3/13/2014,Hacked,2014
1035,"Bio-Reference Laboratories, Inc.",1749,02-02-2014,Other,2014
1036,American Health Inc. ,11531,9/20/2013,Unauthorized Access/Disclosure,2013
1037,Central City Concern,17914,3/23/2010,Unauthorized Access/Disclosure,2010
1038,Blue Cross Blue Shield of Michigan/Blue Care Network,502,2/15/2014,"Unauthorized Access/Disclosure, Phishing/IT Incident",2014
1039,Elliot Health System,1208,3/26/2014,Malware,2014
1040,Humana Inc [case #15381],2962,04-02-2014,Malware,2014
1041,Jamaica Hospital Medical Center,26162,08-01-2011,Unauthorized Access/Disclosure,2011
1042,Bay Park Hospital,594,04-01-2013,Unauthorized Access/Disclosure,2013
1043,Triple-S Salud ,56853,9/20/2013,Unauthorized Access/Disclosure,2013
1044,Aetna Life Insurance Company,3814,04-02-2014,Hacked,2014
1045,Salina Health Education Foundation dba Salina Family Healthcare Center,9640,04-08-2014,Unauthorized Access/Disclosure,2014
1046,Highmark Inc.,2589,4/19/2014,"Loss, Unauthorized Access/Disclosure",2014
1047,Mark A. Gillispie,5845,11/20/2013,Malware,2013
1048,Penn State Milton S Hershey Medical Center,1801,9/13/2013,Other,2013
1049,Walgreen Co.,540,03-03-2014,Malware,2014
1050,St. Francis Hospital,1175,5/30/2014,Other,2014
1051,Puerto Rico Health Insurance ,28413,9/20/2013,Hacked,2013
1052,"Hospitalists of Brandon, LLC",1831,02-11-2014,Phishing/IT Incident,2014
1053,Santa Rosa Memorial Hospital ,33702,06-02-2014,"Hacked, Loss",2014
1054,Group Health Plan of Hurley Medical Center,2289,5/13/2014,Unauthorized Access/Disclosure,2014
1055,"Abrham Tekola, M.D.,INC",5471,5/27/2014,Hacked,2014
